# ************************************************************
# Sequel Pro SQL dump
# Version 4541
#
# http://www.sequelpro.com/
# https://github.com/sequelpro/sequelpro
#
# Host: 127.0.0.1 (MySQL 5.7.23)
# Database: dafiti_test
# Generation Time: 2019-01-04 15:39:07 +0000
# ************************************************************


/*!40101 SET @OLD_CHARACTER_SET_CLIENT=@@CHARACTER_SET_CLIENT */;
/*!40101 SET @OLD_CHARACTER_SET_RESULTS=@@CHARACTER_SET_RESULTS */;
/*!40101 SET @OLD_COLLATION_CONNECTION=@@COLLATION_CONNECTION */;
/*!40101 SET NAMES utf8 */;
/*!40014 SET @OLD_FOREIGN_KEY_CHECKS=@@FOREIGN_KEY_CHECKS, FOREIGN_KEY_CHECKS=0 */;
/*!40101 SET @OLD_SQL_MODE=@@SQL_MODE, SQL_MODE='NO_AUTO_VALUE_ON_ZERO' */;
/*!40111 SET @OLD_SQL_NOTES=@@SQL_NOTES, SQL_NOTES=0 */;


# Dump of table equipos
# ------------------------------------------------------------

DROP TABLE IF EXISTS `equipos`;

CREATE TABLE `equipos` (
  `id_equipos` int(11) unsigned NOT NULL AUTO_INCREMENT,
  `nombre` varchar(45) DEFAULT NULL,
  PRIMARY KEY (`id_equipos`)
) ENGINE=InnoDB DEFAULT CHARSET=utf8;

LOCK TABLES `equipos` WRITE;
/*!40000 ALTER TABLE `equipos` DISABLE KEYS */;

INSERT INTO `equipos` (`id_equipos`, `nombre`)
VALUES
	(1,'Boca'),
	(2,'River'),
	(3,'San Lorenzo'),
	(4,'Racing'),
	(5,'Independiente'),
	(6,'Velez'),
	(7,'Chacarita'),
	(8,'Estudiantes de La Plata'),
	(9,'Gimnasia de La Plata'),
	(10,'Talleres de Cordoba');

/*!40000 ALTER TABLE `equipos` ENABLE KEYS */;
UNLOCK TABLES;


# Dump of table jugadores
# ------------------------------------------------------------

DROP TABLE IF EXISTS `jugadores`;

CREATE TABLE `jugadores` (
  `id_jugadores` int(11) unsigned NOT NULL AUTO_INCREMENT,
  `fk_equipos` int(11) unsigned NOT NULL,
  `nombre` varchar(45) DEFAULT NULL,
  `fecha_nacimiento` datetime DEFAULT NULL,
  PRIMARY KEY (`id_jugadores`),
  KEY `fk_equipos` (`fk_equipos`)
) ENGINE=InnoDB DEFAULT CHARSET=utf8;

LOCK TABLES `jugadores` WRITE;
/*!40000 ALTER TABLE `jugadores` DISABLE KEYS */;

INSERT INTO `jugadores` (`id_jugadores`, `fk_equipos`, `nombre`, `fecha_nacimiento`)
VALUES
	(2,5,'Cara','1970-08-18 17:05:02'),
	(3,10,'Camren','2012-03-18 06:19:49'),
	(4,7,'Yadira','1989-12-06 09:17:45'),
	(5,10,'Giovanna','1972-10-22 21:48:09'),
	(6,4,'Roscoe','1988-02-26 13:46:58'),
	(7,9,'Elda','2002-05-01 02:14:42'),
	(8,8,'Joan','2003-10-21 04:34:02'),
	(9,7,'Garrick','2010-04-13 07:06:05'),
	(10,6,'Eula','1972-07-16 19:53:31'),
	(11,7,'Johan','1972-06-17 09:07:30'),
	(12,7,'Mabelle','1984-05-15 05:21:23'),
	(13,8,'Cullen','2015-07-15 15:28:36'),
	(14,2,'Vince','1971-12-23 07:39:58'),
	(15,9,'Aiden','1973-08-21 01:34:39'),
	(16,1,'Osbaldo','2002-09-06 01:22:20'),
	(17,6,'Monty','1977-02-19 10:41:21'),
	(18,3,'Donny','2004-07-19 12:05:45'),
	(19,10,'Lesley','2016-09-09 09:12:19'),
	(20,8,'Jerrold','2012-01-12 03:05:25'),
	(21,7,'Osvaldo','2018-07-26 10:19:18'),
	(22,9,'Crystel','1997-04-27 14:53:14'),
	(23,8,'Nellie','1984-10-12 13:18:52'),
	(24,2,'Camryn','1979-09-02 21:49:05'),
	(25,4,'Jerrold','1989-03-02 17:44:32'),
	(26,6,'Travis','1995-12-15 02:03:07'),
	(27,1,'Hardy','2005-09-10 21:10:37'),
	(28,7,'Forest','1993-11-20 07:02:32'),
	(29,8,'Britney','1995-07-19 20:11:51'),
	(30,8,'Ernestine','1978-03-20 21:30:34'),
	(31,3,'Allen','2010-04-02 22:24:14'),
	(32,9,'Archibald','1979-09-19 19:02:17'),
	(33,4,'Kayley','2010-08-03 01:20:27'),
	(34,3,'Carole','2014-02-21 15:23:10'),
	(35,8,'Rosalind','2005-03-04 19:37:36'),
	(36,1,'Emile','2005-05-27 21:25:08'),
	(37,3,'Hailie','1985-08-07 14:42:10'),
	(38,2,'Lexus','1997-07-28 10:58:54'),
	(39,3,'Otto','2006-06-09 21:49:35'),
	(40,6,'Emerald','1998-12-18 00:57:32'),
	(41,2,'Yasmin','1990-09-16 10:57:43'),
	(42,9,'Greyson','2009-10-03 07:32:32'),
	(43,9,'Lucio','1989-07-14 08:55:33'),
	(44,2,'Archibald','2002-01-05 08:36:28'),
	(45,9,'Tanner','1990-02-24 11:31:28'),
	(46,6,'Tania','2009-07-26 03:32:58'),
	(47,6,'Jean','1971-06-03 17:10:43'),
	(48,7,'Susana','1980-10-04 21:03:49'),
	(49,6,'Izaiah','1989-11-06 05:42:30'),
	(50,5,'Telly','2011-12-18 00:07:57'),
	(51,7,'Destiney','1973-09-14 03:43:12');

/*!40000 ALTER TABLE `jugadores` ENABLE KEYS */;
UNLOCK TABLES;


# Dump of table partidos
# ------------------------------------------------------------

DROP TABLE IF EXISTS `partidos`;

CREATE TABLE `partidos` (
  `id_partidos` int(11) unsigned NOT NULL AUTO_INCREMENT,
  `fk_equipo_local` int(11) unsigned NOT NULL,
  `fk_equipo_visitante` int(11) unsigned NOT NULL,
  `goles_local` int(11) unsigned NOT NULL DEFAULT '0',
  `goles_visitante` int(11) unsigned NOT NULL DEFAULT '0',
  `fecha_partido` datetime DEFAULT NULL,
  PRIMARY KEY (`id_partidos`),
  KEY `fk_equipo_local` (`fk_equipo_local`),
  KEY `fk_equipo_visitante` (`fk_equipo_visitante`)
) ENGINE=InnoDB DEFAULT CHARSET=utf8;

LOCK TABLES `partidos` WRITE;
/*!40000 ALTER TABLE `partidos` DISABLE KEYS */;

INSERT INTO `partidos` (`id_partidos`, `fk_equipo_local`, `fk_equipo_visitante`, `goles_local`, `goles_visitante`, `fecha_partido`)
VALUES
	(1,2,7,1,1,'2017-08-10 20:28:39'),
	(2,4,8,2,1,'2016-03-04 06:44:58'),
	(3,5,8,7,1,'2018-01-08 22:41:13'),
	(4,5,7,7,1,'2018-01-11 07:30:42'),
	(5,4,7,4,0,'2018-10-31 17:46:01'),
	(6,2,6,1,1,'2014-09-21 07:20:37'),
	(7,1,10,5,0,'2016-11-03 18:17:08'),
	(8,2,9,4,1,'2015-12-22 07:46:45'),
	(9,3,8,5,1,'2018-03-02 04:42:13'),
	(10,4,7,0,0,'2017-12-10 11:02:33'),
	(11,1,8,2,1,'2015-03-28 17:21:06'),
	(12,2,7,1,1,'2014-07-26 10:05:55'),
	(13,7,8,4,1,'2015-11-05 03:27:10'),
	(14,7,1,4,1,'2018-07-20 02:33:44'),
	(15,1,6,6,0,'2017-07-09 01:23:54'),
	(16,4,6,0,0,'2018-11-08 23:11:33'),
	(17,3,10,6,1,'2016-02-06 11:43:00'),
	(18,5,9,0,0,'2016-05-02 21:12:15'),
	(19,1,9,6,0,'2018-01-25 21:30:27'),
	(20,3,6,3,0,'2016-10-29 04:11:08'),
	(21,5,10,5,0,'2018-05-25 23:34:30'),
	(22,5,9,6,1,'2015-12-30 04:10:58'),
	(23,5,8,7,1,'2014-07-10 03:15:27'),
	(24,3,8,6,0,'2014-09-16 02:37:15'),
	(25,5,9,2,0,'2016-03-08 19:31:38'),
	(26,7,10,7,0,'2015-02-23 13:07:24'),
	(27,3,10,1,1,'2014-02-01 22:42:55'),
	(28,1,9,2,0,'2014-07-23 13:39:11'),
	(29,3,9,1,1,'2016-02-16 15:08:26'),
	(30,2,7,7,1,'2016-02-12 05:57:05'),
	(31,1,8,4,1,'2014-03-06 13:06:44'),
	(32,4,8,7,1,'2018-05-15 07:50:57'),
	(33,7,10,5,1,'2015-12-20 06:44:04'),
	(34,3,1,7,1,'2017-07-24 07:46:27'),
	(35,2,10,7,1,'2018-07-18 17:47:09'),
	(36,2,10,3,0,'2014-03-06 10:37:30'),
	(37,3,7,7,0,'2018-03-23 18:39:40'),
	(38,4,7,2,0,'2015-04-16 06:10:28'),
	(39,7,9,1,0,'2017-07-08 07:35:24'),
	(40,1,7,0,1,'2017-01-02 12:55:56'),
	(41,3,6,3,1,'2018-09-30 10:24:03'),
	(42,7,10,5,0,'2017-03-10 17:26:40'),
	(43,5,6,2,1,'2017-01-31 17:02:11'),
	(44,3,7,6,0,'2018-08-27 20:10:18'),
	(45,3,8,4,1,'2016-08-01 19:29:01'),
	(46,3,10,2,1,'2014-07-02 10:35:32'),
	(47,2,6,0,1,'2014-09-11 21:34:36'),
	(48,4,9,7,1,'2015-11-11 03:09:36'),
	(49,3,9,3,0,'2015-11-05 20:56:09'),
	(50,2,9,6,1,'2017-06-20 05:19:54'),
	(51,1,10,0,1,'2016-04-03 13:22:47'),
	(52,3,7,2,0,'2014-12-14 08:01:41'),
	(53,2,6,2,1,'2016-04-17 21:16:48'),
	(54,3,2,1,1,'2014-01-30 02:28:04'),
	(55,1,8,2,1,'2018-01-09 16:04:03'),
	(56,1,10,4,1,'2016-04-18 13:22:54'),
	(57,4,10,4,0,'2018-06-24 06:29:38'),
	(58,4,6,6,0,'2018-10-20 09:27:42'),
	(59,3,10,0,1,'2014-08-11 12:15:23'),
	(60,3,6,6,0,'2016-06-18 10:42:29'),
	(61,2,8,0,1,'2016-12-26 02:49:20'),
	(62,3,8,4,0,'2016-02-29 11:55:13'),
	(63,3,7,6,0,'2017-11-12 23:17:03'),
	(64,2,8,4,1,'2017-03-02 07:26:58'),
	(65,3,6,2,1,'2017-07-08 12:59:55'),
	(66,4,10,5,0,'2016-04-19 06:20:34'),
	(67,5,8,7,0,'2017-11-20 06:29:24'),
	(68,4,6,3,1,'2015-11-12 11:24:43'),
	(69,2,9,0,1,'2018-08-23 10:33:19'),
	(70,4,6,2,0,'2017-08-03 00:20:56'),
	(71,2,6,4,1,'2016-03-29 17:29:43'),
	(72,1,10,6,0,'2018-07-15 16:34:41'),
	(73,5,7,7,1,'2017-11-27 20:37:22'),
	(74,3,8,4,0,'2017-12-07 02:25:09'),
	(75,5,7,6,1,'2015-10-25 19:59:19'),
	(76,4,7,3,1,'2014-11-29 20:18:09'),
	(77,1,10,7,0,'2017-11-30 11:20:18'),
	(78,5,10,3,0,'2014-03-09 20:30:01'),
	(79,2,8,6,0,'2018-10-27 02:23:24'),
	(80,5,9,5,0,'2016-09-13 19:56:13'),
	(81,3,6,0,1,'2017-04-09 01:48:56'),
	(82,1,10,4,0,'2018-12-27 06:11:00'),
	(83,2,8,1,1,'2017-05-29 11:36:14'),
	(84,2,8,4,0,'2014-06-10 12:21:03'),
	(85,2,8,4,0,'2018-07-11 03:51:51'),
	(86,5,6,3,1,'2017-06-14 00:18:21'),
	(87,4,7,6,0,'2015-12-01 12:28:12'),
	(88,4,7,7,0,'2014-04-25 00:32:31'),
	(89,4,7,3,0,'2015-01-17 17:10:55'),
	(90,2,9,2,0,'2017-07-27 05:54:05'),
	(91,5,9,4,1,'2016-11-23 13:53:29'),
	(92,5,7,4,1,'2015-09-06 08:59:07'),
	(93,3,9,4,0,'2016-10-12 15:49:11'),
	(94,5,9,4,0,'2016-06-26 03:52:24'),
	(95,3,8,6,0,'2017-10-13 12:18:59'),
	(96,5,8,7,0,'2016-10-06 14:40:01'),
	(97,1,6,6,1,'2018-04-26 20:20:45'),
	(98,1,10,1,1,'2015-06-26 00:21:50'),
	(99,1,7,7,0,'2016-03-05 04:41:17'),
	(100,5,8,3,0,'2014-05-10 10:10:33'),
	(101,4,10,2,1,'2016-03-04 17:11:06'),
	(102,4,9,3,1,'2017-10-28 18:42:12'),
	(103,1,8,7,0,'2016-07-21 14:09:52'),
	(104,4,7,0,1,'2017-10-07 14:16:17'),
	(105,3,7,7,1,'2015-05-02 08:25:21'),
	(106,2,8,2,0,'2015-03-18 17:16:53'),
	(107,2,7,2,1,'2017-03-03 09:06:36'),
	(108,2,10,5,0,'2017-07-21 14:16:19'),
	(109,1,6,6,1,'2015-03-29 02:28:55'),
	(110,1,8,1,1,'2017-08-22 11:35:23'),
	(111,2,10,7,1,'2017-07-03 00:58:04'),
	(112,3,10,2,1,'2014-02-11 23:40:11'),
	(113,2,9,1,0,'2017-09-15 12:18:31'),
	(114,3,10,2,1,'2014-11-30 11:39:41'),
	(115,5,9,0,1,'2016-07-03 20:59:22'),
	(116,5,7,4,1,'2015-11-30 16:18:09'),
	(117,2,6,1,1,'2014-09-03 01:37:15'),
	(118,3,7,7,1,'2018-07-06 12:07:08'),
	(119,3,8,4,0,'2018-09-18 04:52:59'),
	(120,3,10,0,0,'2016-07-02 18:03:56'),
	(121,5,9,6,1,'2015-08-29 12:57:39'),
	(122,2,10,1,0,'2017-01-04 13:41:47'),
	(123,1,7,5,1,'2018-11-17 01:28:04'),
	(124,5,9,2,0,'2018-06-16 07:28:41'),
	(125,3,10,4,1,'2016-08-07 08:07:16'),
	(126,4,10,0,1,'2018-03-23 09:05:28'),
	(127,1,8,2,0,'2017-06-19 20:23:13'),
	(128,2,8,5,1,'2015-12-30 01:04:28'),
	(129,4,10,0,1,'2016-04-22 18:50:29'),
	(130,5,10,3,0,'2015-10-30 12:30:34'),
	(131,4,8,7,1,'2014-04-06 18:45:09'),
	(132,2,10,0,1,'2014-04-04 22:18:14'),
	(133,1,6,4,1,'2016-07-05 18:48:56'),
	(134,3,9,7,1,'2018-04-20 04:42:34'),
	(135,3,8,0,1,'2017-02-01 01:27:45'),
	(136,2,8,5,1,'2017-05-26 06:14:33'),
	(137,3,7,5,0,'2016-07-21 17:44:06'),
	(138,5,6,2,1,'2014-03-10 17:45:45'),
	(139,2,10,0,0,'2017-10-28 20:43:20'),
	(140,2,8,7,1,'2014-09-30 08:34:24'),
	(141,2,6,5,0,'2016-12-15 14:24:53'),
	(142,2,8,7,1,'2015-03-28 21:01:45'),
	(143,1,7,2,0,'2015-10-10 07:52:24'),
	(144,3,10,0,0,'2016-09-02 19:03:41'),
	(145,1,7,2,1,'2015-10-04 19:31:27'),
	(146,2,8,0,1,'2017-07-12 13:09:09'),
	(147,1,7,2,1,'2015-08-04 00:52:32'),
	(148,5,8,3,0,'2016-10-15 21:28:48'),
	(149,1,10,0,1,'2017-07-09 19:25:54'),
	(150,4,8,3,1,'2018-12-24 06:20:44'),
	(151,3,8,4,0,'2018-10-23 08:33:51'),
	(152,2,10,0,0,'2014-09-02 03:58:58'),
	(153,4,6,4,0,'2017-03-19 23:06:05'),
	(154,3,6,4,0,'2016-01-01 14:04:39'),
	(155,3,10,5,1,'2014-05-04 00:01:29'),
	(156,3,9,1,0,'2017-11-14 15:41:14'),
	(157,2,8,6,1,'2018-11-22 05:47:08'),
	(158,1,8,1,1,'2015-01-24 04:24:06'),
	(159,5,6,5,0,'2016-10-09 22:56:41'),
	(160,1,8,7,0,'2018-01-10 04:05:33'),
	(161,1,6,7,1,'2014-07-15 11:37:56'),
	(162,2,9,3,1,'2017-04-16 03:21:24'),
	(163,1,8,1,0,'2018-10-14 05:20:38'),
	(164,2,8,5,0,'2017-08-08 13:51:05'),
	(165,2,7,5,1,'2017-09-11 21:21:19'),
	(166,3,8,6,1,'2017-02-26 22:01:53'),
	(167,1,9,2,0,'2015-12-20 05:43:22'),
	(168,3,8,0,1,'2014-02-10 18:10:14'),
	(169,1,6,1,1,'2015-05-27 19:23:08'),
	(170,1,2,7,0,'2017-05-05 21:44:30'),
	(171,4,10,1,1,'2018-10-07 17:54:38'),
	(172,2,9,0,1,'2017-06-26 02:56:56'),
	(173,3,10,1,1,'2017-04-28 03:26:04'),
	(174,2,8,7,1,'2017-04-21 15:45:59'),
	(175,2,8,6,1,'2016-02-17 04:11:29'),
	(176,3,6,1,1,'2017-06-27 04:17:14'),
	(177,4,9,4,0,'2018-02-14 01:44:01'),
	(178,3,10,5,1,'2014-08-15 23:26:10'),
	(179,4,10,1,1,'2018-12-13 21:14:02'),
	(180,5,10,0,0,'2014-01-20 10:02:49'),
	(181,1,6,6,1,'2015-06-08 23:59:35'),
	(182,1,7,0,1,'2016-01-12 20:07:00'),
	(183,2,8,7,0,'2016-05-02 08:21:36'),
	(184,5,8,5,0,'2014-06-21 19:06:31'),
	(185,2,6,2,0,'2016-02-12 06:34:32'),
	(186,1,2,0,1,'2018-02-09 13:50:43'),
	(187,3,7,6,1,'2014-09-08 07:52:48'),
	(188,4,8,1,1,'2018-10-13 15:54:34'),
	(189,4,10,1,0,'2014-02-11 14:39:38'),
	(190,1,7,3,0,'2017-05-20 13:15:12'),
	(191,3,6,1,0,'2016-04-06 06:16:43'),
	(192,1,7,7,1,'2017-05-13 22:06:29'),
	(193,3,7,1,0,'2014-10-12 15:18:33'),
	(194,3,7,2,1,'2014-12-12 02:38:04'),
	(195,1,10,6,1,'2018-01-16 12:51:10'),
	(196,2,8,4,1,'2016-04-08 18:38:49'),
	(197,1,8,6,1,'2016-11-21 15:14:43'),
	(198,5,7,5,0,'2016-08-04 19:22:24'),
	(199,4,9,0,1,'2017-07-29 12:23:29'),
	(200,3,10,1,1,'2017-04-02 05:26:10');

/*!40000 ALTER TABLE `partidos` ENABLE KEYS */;
UNLOCK TABLES;



/*!40111 SET SQL_NOTES=@OLD_SQL_NOTES */;
/*!40101 SET SQL_MODE=@OLD_SQL_MODE */;
/*!40014 SET FOREIGN_KEY_CHECKS=@OLD_FOREIGN_KEY_CHECKS */;
/*!40101 SET CHARACTER_SET_CLIENT=@OLD_CHARACTER_SET_CLIENT */;
/*!40101 SET CHARACTER_SET_RESULTS=@OLD_CHARACTER_SET_RESULTS */;
/*!40101 SET COLLATION_CONNECTION=@OLD_COLLATION_CONNECTION */;
